Text,Sentiment
This lesson is very clear and helpful,Positive
I love this Python course,Positive
The explanation is easy to understand,Positive
This book is useful for beginners,Positive
The project is interesting and practical,Positive
I enjoyed learning machine learning,Positive
The examples are simple and clear,Positive
This chapter helped me a lot,Positive
The instructions are confusing,Negative
I do not understand the explanation,Negative
The lesson is too difficult,Negative
This project does not work,Negative
The code is confusing and unclear,Negative
I am not happy with the result,Negative
The example is too complicated,Negative
The instructions are hard to follow,Negative
